uuid,paper_id,title,paper_link,doi,download_link
3fd01299-134c-43f0-83c7-24427c18bb5c,ee800bab67e177e4676578f621db59a0faa736cd,Human-competitive automatic topic indexing,https://www.semanticscholar.org/paper/ee800bab67e177e4676578f621db59a0faa736cd,,No links found
2e260db8-e653-4d24-8c45-780d139097c7,7b04a11fecf21832194cc2f1b03bebb69c399443,Crawling the web : discovery and maintenance of large-scale web data,https://www.semanticscholar.org/paper/7b04a11fecf21832194cc2f1b03bebb69c399443,,No links found
f6c6dcb1-bfb5-43d7-bf79-2d86a67d2082,2c56421ff3c2a69894d28b09a656b7157df8eb83,Large Dataset for Keyphrases Extraction,https://www.semanticscholar.org/paper/2c56421ff3c2a69894d28b09a656b7157df8eb83,,No links found
8949d9e8-7b8d-4e2c-87c3-8cabfa05fa4a,350401d1700be7c7d916594acb757a73a0fe8364,Combining Machine Learning and Natural Language Processing for Automatic Keyword Extraction,https://www.semanticscholar.org/paper/350401d1700be7c7d916594acb757a73a0fe8364,,No links found
63b58850-3ebc-4fab-aa64-371d5e8e7b06,795ab91272adaab848cb14de1dd9b105a93b5c67,Automatic recognition of multi-word terms,https://www.semanticscholar.org/paper/795ab91272adaab848cb14de1dd9b105a93b5c67,,No links found
2c2d5963-2afa-4835-aebe-88d6927ab0b5,806c2c4327a31fded64a5d673ab82b133194c234,Introduction to information retrieval,https://www.semanticscholar.org/paper/806c2c4327a31fded64a5d673ab82b133194c234,https://doi.org/10.1017/CBO9780511809071,No links found
3ab4ab3e-9dd4-4892-8a99-dce9710d3b0e,380e15e151130a707046b48550c2560972a77954,Automatic Keyphrase Generation,https://www.semanticscholar.org/paper/380e15e151130a707046b48550c2560972a77954,,No links found
7053397c-a46e-496b-bb26-0d1564dfd5aa,47cb5144741d4181b8d0ff3a8642bced08cdaca9,Proceedings of the 22nd ACM/IEEE Joint Conference on Digital Libraries,https://www.semanticscholar.org/paper/47cb5144741d4181b8d0ff3a8642bced08cdaca9,https://doi.org/10.1145/3529372,No links found
42dc45f0-1f0e-4d7b-a546-fa61a89eb526,6b296e9c79ea0dba405a77361c7c88fb5bae982a,Computing PageRank using Power Extrapolation,https://www.semanticscholar.org/paper/6b296e9c79ea0dba405a77361c7c88fb5bae982a,,No links found
ac892f1a-ddc8-4936-8fcd-6217dd5aaaf0,806c2c4327a31fded64a5d673ab82b133194c234,Introduction to information retrieval,https://www.semanticscholar.org/paper/806c2c4327a31fded64a5d673ab82b133194c234,https://doi.org/10.1017/CBO9780511809071,No links found
f204c0ef-96b9-4a1b-8e54-415014e5213e,945660b9f1e0fbec5c94988e5822f8d6dd3e7510,Automatic keyphrase extraction and ontology mining for content-based tag recommendation,https://www.semanticscholar.org/paper/945660b9f1e0fbec5c94988e5822f8d6dd3e7510,https://doi.org/10.1002/INT.V25%3A12,No links found
e1a73a87-523f-4b5a-b8d1-d7d4dc0c5ce0,22e64291f18cbf3309fe1624a16a18722e1da381,Assessing agreement on classification tasks,https://www.semanticscholar.org/paper/22e64291f18cbf3309fe1624a16a18722e1da381,,No links found
d43173fd-c6d7-4abc-a466-445227e404e9,4dc90c9a7a21fcc0dcfac671ab25261ca2e75389,Test-Driving TANKA: Evaluating a Semi-automatic System of Text Analysis for Knowledge Acquisition,https://www.semanticscholar.org/paper/4dc90c9a7a21fcc0dcfac671ab25261ca2e75389,https://doi.org/10.1007/3-540-64575-6_40,No links found
84d2abee-1db2-4bf8-82aa-7b98316338fd,c73409031056897e67884c6d5852a5c146235c99,Text processing without a priori domain knowledge: semi-automatic linguistic analysis for incremental knowledge acquisition,https://www.semanticscholar.org/paper/c73409031056897e67884c6d5852a5c146235c99,https://doi.org/10.20381/RUOR-14908,No links found
81cf5c20-ed69-43ef-bb70-f82e3d75defa,d9ff3082be8ba7d91e9d74ad90cf7492ab58021b,"Proceedings of the Fourth ACM conference on Digital Libraries, August 11-14, 1999, Berkeley, CA, USA",https://www.semanticscholar.org/paper/d9ff3082be8ba7d91e9d74ad90cf7492ab58021b,,No links found
0fad08a4-0b79-4060-b98f-d993e1485992,de9feb8515cd6862df9a6b6f593fe62c2a6e1631,The Design of a Conngurable Text Summarization System,https://www.semanticscholar.org/paper/de9feb8515cd6862df9a6b6f593fe62c2a6e1631,,No links found
85577bcb-2b40-4702-8dd2-ee65007efb6e,957405762de4a3e4d1d82e3e8e57b327acb8b084,Reference directed indexing: indexing scientific literature in the context of its use,https://www.semanticscholar.org/paper/957405762de4a3e4d1d82e3e8e57b327acb8b084,,No links found
92310b63-d41b-4ba2-adca-6fb49d4c0a7b,e3a329484b160634c3b6d0bbac9b88b4c249b309,Classification of research papers using citation links and citation types: Towards automatic review article generation.,https://www.semanticscholar.org/paper/e3a329484b160634c3b6d0bbac9b88b4c249b309,https://doi.org/10.7152/ACRO.V11I1.12774,No links found
6f02b0a9-377a-4116-a7f5-dc58562adc35,2bb3b3bdb6d10d4955d353385014683919bf61ce,Domain-independent automatic keyphrase indexing with small training sets,https://www.semanticscholar.org/paper/2bb3b3bdb6d10d4955d353385014683919bf61ce,https://doi.org/10.1002/ASI.V59%3A7,No links found
84de6c3b-e365-48cd-af75-31e0a07e410e,ee800bab67e177e4676578f621db59a0faa736cd,Human-competitive automatic topic indexing,https://www.semanticscholar.org/paper/ee800bab67e177e4676578f621db59a0faa736cd,,No links found
54caf8ab-a446-4c2e-b5d3-090e15504616,306e31e9909dff206ea0eaf6bb4753fba7235723,Snippet Search: a Single Phrase Approach to Text Access,https://www.semanticscholar.org/paper/306e31e9909dff206ea0eaf6bb4753fba7235723,,No links found
d9bf2a25-e987-465c-96cd-3c4fa7ad87e3,a0d45c8873cb32102c2abdaf96303ea0a1bd3a80,"Managing multiple collections, multiple languages, and multiple media in a distributed digital library",https://www.semanticscholar.org/paper/a0d45c8873cb32102c2abdaf96303ea0a1bd3a80,,No links found
dd5f7ada-5e05-432d-b5b1-66e4491ea8ed,ca018445412da7e1d89eb8ba23c69b7e2bd2fa01,Managing gigabytes (2nd ed.): compressing and indexing documents and images,https://www.semanticscholar.org/paper/ca018445412da7e1d89eb8ba23c69b7e2bd2fa01,,No links found
8bf7c962-bc63-4946-833b-93da4de54f68,e2fb703bd01e2a771fdf77c4a2276e8bc6d2590e,An Apprentice That Discovers Hypertext Links,https://www.semanticscholar.org/paper/e2fb703bd01e2a771fdf77c4a2276e8bc6d2590e,,No links found
2262dc52-302e-457c-98ea-54d82bfefaa7,0d8f907bb0180912d1e1df279739e45dff6853ee,Snowball: A language for stemming algorithms,https://www.semanticscholar.org/paper/0d8f907bb0180912d1e1df279739e45dff6853ee,,No links found
fdd28832-460a-4099-b8e3-94ae8d570b55,3418cf24575313d9942af12d1a6f572ac0d34579,Medical Subject Headings (MeSH).,https://www.semanticscholar.org/paper/3418cf24575313d9942af12d1a6f572ac0d34579,,No links found
b8d57675-108e-4f9f-9d1c-ee9faa9fae9e,12133cfc6688cc2cdea57595b045a28b94d98f1d,Text Summarization via Hidden Markov Models and Pivoted QR Matrix Decomposition,https://www.semanticscholar.org/paper/12133cfc6688cc2cdea57595b045a28b94d98f1d,,No links found
7ecbe7ff-32f5-44a9-a172-227facd40c74,17490506071eca30010c7c0571912a0627710d97,Unsupervised Keyword Extraction for Japanese Legal Documents,https://www.semanticscholar.org/paper/17490506071eca30010c7c0571912a0627710d97,https://doi.org/10.3233/978-1-61499-359-9-97,No links found
3b3b26c2-6697-4a47-9f58-e4babba158b9,2bb3b3bdb6d10d4955d353385014683919bf61ce,Domain-independent automatic keyphrase indexing with small training sets,https://www.semanticscholar.org/paper/2bb3b3bdb6d10d4955d353385014683919bf61ce,https://doi.org/10.1002/ASI.V59%3A7,No links found
6caaa77e-71a7-44e3-aa0f-d4635ceec7d8,7a65f23d990231d461418067c808b09d84c19b2c,Natural Language Processing with Python,https://www.semanticscholar.org/paper/7a65f23d990231d461418067c808b09d84c19b2c,,No links found
0b8ffba1-1336-48d0-af18-df857d994f0f,0b6044cb3ed27185ce0f375d4d80cf0e525bed17,Experiments in Automatic Phrase Indexing For Document Retrieval: A Comparison of Syntactic and Non-Syntactic Methods,https://www.semanticscholar.org/paper/0b6044cb3ed27185ce0f375d4d80cf0e525bed17,,No links found
cb2bd8d0-ceac-4404-ad00-e0cc2ac26b52,54d47db19bb99177eed093d0dce2ab06bb8a26b9,Extraction of Index Words from Manuals,https://www.semanticscholar.org/paper/54d47db19bb99177eed093d0dce2ab06bb8a26b9,https://doi.org/10.5555/2856695.2856747,No links found
aa9c310c-da16-4e3c-9167-44c52284945d,807c1f19047f96083e13614f7ce20f2ac98c239a,C4.5: Programs for Machine Learning,https://www.semanticscholar.org/paper/807c1f19047f96083e13614f7ce20f2ac98c239a,,No links found
49f92299-8a09-4c9c-91bd-6817fc61c406,814cf172298d11db0ac9b839440ed8f3db93e438,Arcing Classifiers,https://www.semanticscholar.org/paper/814cf172298d11db0ac9b839440ed8f3db93e438,,No links found
07d316c4-5796-4a15-b73d-ec5c29c506f4,81dc8ca76afa41d2c49865068c46114178bdf558,The GENITOR Algorithm and Selection Pressure: Why Rank-Based Allocation of Reproductive Trials is Best,https://www.semanticscholar.org/paper/81dc8ca76afa41d2c49865068c46114178bdf558,,No links found
1fbcd369-f148-4a4a-8d92-b20c552e3130,9e307772ef7b6257f4869a10508bfa9495d490c7,Development of a Document Summarization System for Effective Information Services,https://www.semanticscholar.org/paper/9e307772ef7b6257f4869a10508bfa9495d490c7,https://doi.org/10.5555/2856695.2856706,No links found
35aee0dd-dcb3-499d-a558-be57fee0e7ae,c3dd10311ea5c3cb0a200073853c48c462c0b602,Sample Surveys: The Field,https://www.semanticscholar.org/paper/c3dd10311ea5c3cb0a200073853c48c462c0b602,https://doi.org/10.1016/B0-08-043076-7%2F00496-4,No links found
47a43d93-e7a0-4e82-9cba-d78fbc34df4e,e3f1bcd14c1b9108918c998503c44b84bb25a714,Exporting phrases: a statistical analysis of topical language,https://www.semanticscholar.org/paper/e3f1bcd14c1b9108918c998503c44b84bb25a714,,No links found
a74b8e57-d5f1-42e2-800d-023ad4ac329f,13776b253e8fc6259633c71e91e07e4ba751310b,A Universal Citation Database as a Catalyst for Reform in Scholarly Communication,https://www.semanticscholar.org/paper/13776b253e8fc6259633c71e91e07e4ba751310b,,No links found
76f9f8de-52e4-4221-8f65-fb4d4f5041a6,13f284a9d392560c0268cbcbe93fbbf54db04a2a,The concept of citation indexing: a unique and innovative tool for navigating the research literatur,https://www.semanticscholar.org/paper/13f284a9d392560c0268cbcbe93fbbf54db04a2a,,No links found
c79c1b0f-5b3b-4eca-8f2f-1891520bb92a,24480fb437cd0047a3b832d5acaf5a640405427f,Recent advances in computational terminology,https://www.semanticscholar.org/paper/24480fb437cd0047a3b832d5acaf5a640405427f,https://doi.org/10.1075/NLP.2,No links found
f62305a0-bef6-4d35-839e-6328410401cf,4d2864af8e3e92f43001726c132b2d0a8281c9fd,Health Care Epidemiology,https://www.semanticscholar.org/paper/4d2864af8e3e92f43001726c132b2d0a8281c9fd,,No links found
14f784c6-5270-4865-8917-36e19403f093,65377d4117471df291a1bbc9208b3196754e892e,HEPATITIS B IN IRAN,https://www.semanticscholar.org/paper/65377d4117471df291a1bbc9208b3196754e892e,,No links found
bee961ba-9f10-49f4-8060-75c8e22bba8d,8b1756f5656506616c93052d3bfeb199c24eaeb4,REASSESSMENT OF THE ROLE OF HEPATITIS B AND C VIRUSES IN POST NECROTIC CIRRHOSIS AND CHRONIC HEPATITIS IN SOUTHERN IRAN,https://www.semanticscholar.org/paper/8b1756f5656506616c93052d3bfeb199c24eaeb4,,No links found
a97599b9-1bde-43a9-a69b-4d5029ec3c5d,989a0bc57948fe97d78a83ac5f1aa06c2298dc31,CAUSES OF CIRRHOSIS IN A SERIES OF PATIENTS AT A UNIVERSITY HOSPITAL IN TEHRAN,https://www.semanticscholar.org/paper/989a0bc57948fe97d78a83ac5f1aa06c2298dc31,,No links found
a4384396-0bc1-4eeb-914c-7708d2b16c2d,ccbdf094c7de29ca71d467e87cbd5407d000554f,Recommendations for preventing transmission of infections among chronic hemodialysis patients,https://www.semanticscholar.org/paper/ccbdf094c7de29ca71d467e87cbd5407d000554f,,No links found
d4f5dcf7-f8b0-4f5a-989c-5d07d18fe39e,cdca678a836997a9b281e0783938c2f3efc581b2,The epidemiology of viral hepatitis in the United States.,https://www.semanticscholar.org/paper/cdca678a836997a9b281e0783938c2f3efc581b2,,No links found
e30a2e3a-de3c-4105-b0fc-782fb112bb4c,cf780b9f8f9875ec905fd3854c361f61299d7b35,Hepatitis B surface antigen and anti-hepatitis C antibodies among blood donors in the Islamic Republic of Iran.,https://www.semanticscholar.org/paper/cf780b9f8f9875ec905fd3854c361f61299d7b35,https://doi.org/10.26719/2000.6.5-6.1114,No links found
b5c0ff27-843a-4a07-88e0-66afd8f62a4c,d9de39cf27a5b6449b811e872a083f289572dbc8,Lexical Analysis and Stoplists,https://www.semanticscholar.org/paper/d9de39cf27a5b6449b811e872a083f289572dbc8,,No links found
4d31b3ea-6a84-4b66-b3a2-c2b26029d3f0,fce7931389d4714e878cd537046db1c6cbacc149,Epidemiology of viral hepatitis among Iranian population--a viral marker study.,https://www.semanticscholar.org/paper/fce7931389d4714e878cd537046db1c6cbacc149,,No links found
cb7b00b0-f9b0-42bd-950d-585916898461,b4d5633b96ea5e0f9e90e03df58e8ad0f6f3dee7,Cohesion in English,https://www.semanticscholar.org/paper/b4d5633b96ea5e0f9e90e03df58e8ad0f6f3dee7,https://doi.org/10.4324/9781315836010,No links found
67d998c8-89b2-4d80-81dc-2ed25034e3c0,350401d1700be7c7d916594acb757a73a0fe8364,Combining Machine Learning and Natural Language Processing for Automatic Keyword Extraction,https://www.semanticscholar.org/paper/350401d1700be7c7d916594acb757a73a0fe8364,,No links found
06503d67-f88c-430f-98f0-72c88c43fe3e,e173493ed0de4c58eb5ead8476bca0ab447f127e,Inter-Indexer Consistency and Retrieval Effectiveness: Measurement of Relationships,https://www.semanticscholar.org/paper/e173493ed0de4c58eb5ead8476bca0ab447f127e,,No links found
0c0e782c-d192-4f8e-a6fd-4e886bb8a54f,902f0fcd1ebd1b7ee3b03a34fcdbb7ea1b428724,Blind men and elephants: What do citation summaries tell us about a research article?,https://www.semanticscholar.org/paper/902f0fcd1ebd1b7ee3b03a34fcdbb7ea1b428724,https://doi.org/10.1002/ASI.V59%3A1,No links found
c23892fd-e597-4056-aa95-050dded60618,e3a329484b160634c3b6d0bbac9b88b4c249b309,Classification of research papers using citation links and citation types: Towards automatic review article generation.,https://www.semanticscholar.org/paper/e3a329484b160634c3b6d0bbac9b88b4c249b309,https://doi.org/10.7152/ACRO.V11I1.12774,No links found
27a3d18a-1b42-4d81-a3a8-e0c602014b16,87c148f7e501b115f2624dff9872a9214726561a,Collaborative Information Extraction and Mining from Multiple Web Documents,https://www.semanticscholar.org/paper/87c148f7e501b115f2624dff9872a9214726561a,https://doi.org/10.1137/1.9781611972764.39,No links found
b5a1e8c8-4dd0-442e-b4b2-e16a7f8dfe42,e3f1bcd14c1b9108918c998503c44b84bb25a714,Exporting phrases: a statistical analysis of topical language,https://www.semanticscholar.org/paper/e3f1bcd14c1b9108918c998503c44b84bb25a714,,No links found
ef03ed24-4d00-4086-9669-c8a87611dd03,87b73c42d6be5f91bc20427334ab9bf7f76003e9,Extraction of Text Phrases Using Hierarchical Grammar,https://www.semanticscholar.org/paper/87b73c42d6be5f91bc20427334ab9bf7f76003e9,https://doi.org/10.1007/3-540-47922-8_27,No links found
8521b448-f9e6-440c-a474-65b7ade7cafa,acb2320299fa097a504f3c629a2265f157d88468,Document Clustering and Text Summarization,https://www.semanticscholar.org/paper/acb2320299fa097a504f3c629a2265f157d88468,,No links found
bc01a251-386e-4825-ab1c-a07fa8aa141f,701db31a4914bb3cbdbeb443a289fe07f535ea7a,Probabilistic models of indexing and searching,https://www.semanticscholar.org/paper/701db31a4914bb3cbdbeb443a289fe07f535ea7a,,No links found
1732d04e-c430-4aa4-a851-d3387436d87f,806c2c4327a31fded64a5d673ab82b133194c234,Introduction to information retrieval,https://www.semanticscholar.org/paper/806c2c4327a31fded64a5d673ab82b133194c234,https://doi.org/10.1017/CBO9780511809071,No links found
7746faf8-69de-486f-8c0e-e3f55f138f91,918350802be6d85483f990f1c77ad1f593588f91,Jigsaw: supporting investigative analysis through interactive visualization,https://www.semanticscholar.org/paper/918350802be6d85483f990f1c77ad1f593588f91,https://doi.org/10.1145/1466620.1466622,No links found
49fcce66-df8d-4841-85c0-507c0c94486b,d7ee7c95070ff98f00e7773f3236291f16b15b0f,Data and text mining ROCR : visualizing classifier performance in R,https://www.semanticscholar.org/paper/d7ee7c95070ff98f00e7773f3236291f16b15b0f,,No links found
b895e1ac-90bf-427e-ac2e-40e0886fcefc,de7b60c226c8a389db47eb788f43d1eed680a69f,"Extending the Linear Model with R: Generalized Linear, Mixed Effects and Nonparametric Regression Models",https://www.semanticscholar.org/paper/de7b60c226c8a389db47eb788f43d1eed680a69f,https://doi.org/10.1201/b15416,No links found
7aa3e981-276c-441a-9c41-3ff5029b8c54,807c1f19047f96083e13614f7ce20f2ac98c239a,C4.5: Programs for Machine Learning,https://www.semanticscholar.org/paper/807c1f19047f96083e13614f7ce20f2ac98c239a,,No links found
bc1e2f6a-8352-419c-9a4d-318ffafbe118,32fe54dc750ec6f189d775e405ec06ad533d90e5,World wide web site summarization,https://www.semanticscholar.org/paper/32fe54dc750ec6f189d775e405ec06ad533d90e5,https://doi.org/10.5555/1039791.1039794,No links found
cdcf691b-b66e-4d71-9842-d581200d3365,795ab91272adaab848cb14de1dd9b105a93b5c67,Automatic recognition of multi-word terms,https://www.semanticscholar.org/paper/795ab91272adaab848cb14de1dd9b105a93b5c67,,No links found
c9804369-050b-43e4-8620-de597b5b760e,d9de39cf27a5b6449b811e872a083f289572dbc8,Lexical Analysis and Stoplists,https://www.semanticscholar.org/paper/d9de39cf27a5b6449b811e872a083f289572dbc8,,No links found
613ccc21-e887-4bea-bf55-fea3b2d5e076,f44e0b5372a4fb1d8e1b15ca9e9cab7b4d65dd94,Automatic text processing,https://www.semanticscholar.org/paper/f44e0b5372a4fb1d8e1b15ca9e9cab7b4d65dd94,,No links found
8f2718f1-12cf-4b1b-ae18-3dfcd89ab01f,2c56421ff3c2a69894d28b09a656b7157df8eb83,Large Dataset for Keyphrases Extraction,https://www.semanticscholar.org/paper/2c56421ff3c2a69894d28b09a656b7157df8eb83,,No links found
6173ace2-760a-4642-9b21-3f4c94790b9d,123a6d5db39ed481f37923cc8eb6822052b18fa0,An Evaluation of Document Keyphrase Sets,https://www.semanticscholar.org/paper/123a6d5db39ed481f37923cc8eb6822052b18fa0,,No links found
56e40c70-4844-400d-aeef-0b584b613d93,7120a649c4bde2a9f05d3dc518c2df0381a0f5bf,Experimental Evaluation of Ranking and Selection Methods in Term Extraction,https://www.semanticscholar.org/paper/7120a649c4bde2a9f05d3dc518c2df0381a0f5bf,https://doi.org/10.1075/nlp.2.16nak,No links found
1c6e3a8e-42e5-46d1-b7c1-a36090b103e9,d9de39cf27a5b6449b811e872a083f289572dbc8,Lexical Analysis and Stoplists,https://www.semanticscholar.org/paper/d9de39cf27a5b6449b811e872a083f289572dbc8,,No links found
6d5b264f-6088-442d-bd61-684a800ec8a2,97ac3841601e82e900a32f3a1796faa2899b96b5,Managing gigabytes,https://www.semanticscholar.org/paper/97ac3841601e82e900a32f3a1796faa2899b96b5,,No links found
75796eae-ba4a-46b1-9574-a6a0a0e4668e,4ade4934db522fe6d634ff6f48887da46eedb4d1,Learning distributed representations of concepts.,https://www.semanticscholar.org/paper/4ade4934db522fe6d634ff6f48887da46eedb4d1,,No links found
455ac734-845f-4b70-b0ab-67c45de4a251,7a65f23d990231d461418067c808b09d84c19b2c,Natural Language Processing with Python,https://www.semanticscholar.org/paper/7a65f23d990231d461418067c808b09d84c19b2c,,No links found
90ab635b-9b12-4a16-b93d-0f8a483cca07,98449bcf80e52e0e902efd288b68c701d5392099,Neural net language models,https://www.semanticscholar.org/paper/98449bcf80e52e0e902efd288b68c701d5392099,https://doi.org/10.4249/scholarpedia.3881,No links found
61966356-eb9e-4987-9981-31c056eada49,b4d5633b96ea5e0f9e90e03df58e8ad0f6f3dee7,Cohesion in English,https://www.semanticscholar.org/paper/b4d5633b96ea5e0f9e90e03df58e8ad0f6f3dee7,https://doi.org/10.4324/9781315836010,No links found
79219b3d-7f72-48a9-a03c-3efae2eb6590,afb180e7615fedf3479707aea9db9ee156f9406e,Combining Local Context and Wordnet Similarity for Word Sense Identification,https://www.semanticscholar.org/paper/afb180e7615fedf3479707aea9db9ee156f9406e,,No links found
aa63a7ce-b229-4285-883f-ec349a8a0a74,e3f93c45e6ae2ad0e836de7141d612a398215cca,Lexical Chains as Representations of Context for the Detection and Correction of Malapropisms,https://www.semanticscholar.org/paper/e3f93c45e6ae2ad0e836de7141d612a398215cca,,No links found
58895fea-9689-4880-9ed4-5c013ac66e36,b6c3e3fcef999eb531fec57e221158bbd94fd5a8,Characterizing World Wide Web ecologies,https://www.semanticscholar.org/paper/b6c3e3fcef999eb531fec57e221158bbd94fd5a8,,No links found
0b4eb43d-1a22-4d5f-8bd1-cfe404131ed7,4ad2957859fef3441b31c781a7569dd151679348,Reducing false positives by expert combination in automatic keyword indexing,https://www.semanticscholar.org/paper/4ad2957859fef3441b31c781a7569dd151679348,https://doi.org/10.1075/cilt.260.41hul,No links found
1bd94d9f-0c54-404c-90f2-403cf95b9433,615cdebfef5e8cd1e0e8eef126e0fe7148fbf6a3,"Data Mining: Concepts and Techniques, Second Edition",https://www.semanticscholar.org/paper/615cdebfef5e8cd1e0e8eef126e0fe7148fbf6a3,,No links found
caa53b25-5997-4d4d-9c57-f6b42f075203,a44c9f5658955781b439312340c5e0e7b489931a,TRANSACTIONS ON KNOWLEDGE AND DATA ENGINEERING,https://www.semanticscholar.org/paper/a44c9f5658955781b439312340c5e0e7b489931a,,No links found
c2fb3b5e-42d0-4125-a1f3-0aa4b15a6242,8622c7ec517e41703fe6fe7c3f45f2c2293c3ae7,Fast Categorization of Web Documents Represented by Graphs,https://www.semanticscholar.org/paper/8622c7ec517e41703fe6fe7c3f45f2c2293c3ae7,https://doi.org/10.1007/978-3-540-77485-3_4,No links found
99417f90-3cb5-4ba4-aaaf-8fbd1047e7c5,93a8aa45984ca684f6401ca0406bdc80f872b833,Identification of Terrorist Web Sites with Cross-Lingual Classification Tools,https://www.semanticscholar.org/paper/93a8aa45984ca684f6401ca0406bdc80f872b833,https://doi.org/10.1142/9789812703255_0008,No links found
eed77a32-7dbc-417a-beb5-63a4cd19fa5e,aa2a60640cd142948d68c57a474d57cf0125a003,Graph-Theoretic Techniques for Web Content Mining,https://www.semanticscholar.org/paper/aa2a60640cd142948d68c57a474d57cf0125a003,https://doi.org/10.1142/5832,No links found
1c81b32b-c873-4742-b475-62bcdac79f05,accea3a3bd21e352a4e84174e244fa3be640bcdb,The rush in a directed graph,https://www.semanticscholar.org/paper/accea3a3bd21e352a4e84174e244fa3be640bcdb,,No links found
f9a6062c-b138-4ad8-838b-7f062ad576ca,ba19a445ff10c66757f8d66cf51cf8383227fc70,Proceedings of the 10th international conference on Asian digital libraries: looking back 10 years and forging new frontiers,https://www.semanticscholar.org/paper/ba19a445ff10c66757f8d66cf51cf8383227fc70,,No links found
d9dee08d-093e-42a5-b977-35451a9d6ddd,bd0bab6fc8cd43c0ce170ad2f4cb34181b31277d,Probabilistic part-of-speech tagging using decision trees,https://www.semanticscholar.org/paper/bd0bab6fc8cd43c0ce170ad2f4cb34181b31277d,,No links found
c8b9ba68-7f93-445e-b38d-7005b18bfbbb,380e15e151130a707046b48550c2560972a77954,Automatic Keyphrase Generation,https://www.semanticscholar.org/paper/380e15e151130a707046b48550c2560972a77954,,No links found
d7367c1a-639d-4406-9509-5483eb8fcd7c,47cb5144741d4181b8d0ff3a8642bced08cdaca9,Proceedings of the 22nd ACM/IEEE Joint Conference on Digital Libraries,https://www.semanticscholar.org/paper/47cb5144741d4181b8d0ff3a8642bced08cdaca9,https://doi.org/10.1145/3529372,No links found
311f8e50-6376-42e1-8729-5f9de4a948d7,350401d1700be7c7d916594acb757a73a0fe8364,Combining Machine Learning and Natural Language Processing for Automatic Keyword Extraction,https://www.semanticscholar.org/paper/350401d1700be7c7d916594acb757a73a0fe8364,,No links found
bbbfaead-c6e3-4780-96bf-5a2fcbf6c5ca,a2bc852eb02c272953795d87619f2d2200f2ed7e,A three-pronged approach to the extraction of key terms and semantic roles,https://www.semanticscholar.org/paper/a2bc852eb02c272953795d87619f2d2200f2ed7e,,No links found
4261b8fc-56c4-44f7-90e7-5c9929e5ebce,22e64291f18cbf3309fe1624a16a18722e1da381,Assessing agreement on classification tasks,https://www.semanticscholar.org/paper/22e64291f18cbf3309fe1624a16a18722e1da381,,No links found
e01b22b3-3af5-412a-ab08-85e1ffe3aecb,4dc90c9a7a21fcc0dcfac671ab25261ca2e75389,Test-Driving TANKA: Evaluating a Semi-automatic System of Text Analysis for Knowledge Acquisition,https://www.semanticscholar.org/paper/4dc90c9a7a21fcc0dcfac671ab25261ca2e75389,https://doi.org/10.1007/3-540-64575-6_40,No links found
d572c8d6-8337-47e9-89f0-74bb90d7b2bb,c73409031056897e67884c6d5852a5c146235c99,Text processing without a priori domain knowledge: semi-automatic linguistic analysis for incremental knowledge acquisition,https://www.semanticscholar.org/paper/c73409031056897e67884c6d5852a5c146235c99,https://doi.org/10.20381/RUOR-14908,No links found
0eae6670-a976-4efd-b99f-73d68808d06e,d9ff3082be8ba7d91e9d74ad90cf7492ab58021b,"Proceedings of the Fourth ACM conference on Digital Libraries, August 11-14, 1999, Berkeley, CA, USA",https://www.semanticscholar.org/paper/d9ff3082be8ba7d91e9d74ad90cf7492ab58021b,,No links found
91a8a9a4-c259-4672-af6b-cada729c7d53,de9feb8515cd6862df9a6b6f593fe62c2a6e1631,The Design of a Conngurable Text Summarization System,https://www.semanticscholar.org/paper/de9feb8515cd6862df9a6b6f593fe62c2a6e1631,,No links found
c6dae72d-5512-4c24-87e4-d94615df7c09,d94247f01682dfc271218e97245f94089c0e929b,Term extraction using a similarity-based approach,https://www.semanticscholar.org/paper/d94247f01682dfc271218e97245f94089c0e929b,https://doi.org/10.1075/nlp.2.14may,No links found
364d058b-dc55-4377-8ce9-2a48fae5bbd5,e3f1bcd14c1b9108918c998503c44b84bb25a714,Exporting phrases: a statistical analysis of topical language,https://www.semanticscholar.org/paper/e3f1bcd14c1b9108918c998503c44b84bb25a714,,No links found
aae8e5bf-bb32-4131-b6c2-bef2b99d6eb1,0b6044cb3ed27185ce0f375d4d80cf0e525bed17,Experiments in Automatic Phrase Indexing For Document Retrieval: A Comparison of Syntactic and Non-Syntactic Methods,https://www.semanticscholar.org/paper/0b6044cb3ed27185ce0f375d4d80cf0e525bed17,,No links found
bd2cb490-0ed9-459c-8912-95e1bad7bd53,54d47db19bb99177eed093d0dce2ab06bb8a26b9,Extraction of Index Words from Manuals,https://www.semanticscholar.org/paper/54d47db19bb99177eed093d0dce2ab06bb8a26b9,https://doi.org/10.5555/2856695.2856747,No links found
9b9c2218-5ac1-4fec-a755-0c61be694527,807c1f19047f96083e13614f7ce20f2ac98c239a,C4.5: Programs for Machine Learning,https://www.semanticscholar.org/paper/807c1f19047f96083e13614f7ce20f2ac98c239a,,No links found
abe42cc7-6452-42e4-9117-8c5e1f4a2172,814cf172298d11db0ac9b839440ed8f3db93e438,Arcing Classifiers,https://www.semanticscholar.org/paper/814cf172298d11db0ac9b839440ed8f3db93e438,,No links found
d51b4a0f-100b-4e99-a3dd-b1b7b627b589,9e307772ef7b6257f4869a10508bfa9495d490c7,Development of a Document Summarization System for Effective Information Services,https://www.semanticscholar.org/paper/9e307772ef7b6257f4869a10508bfa9495d490c7,https://doi.org/10.5555/2856695.2856706,No links found
61343aa2-91a6-428c-8b8d-1c1c4b8ff9c9,e3f1bcd14c1b9108918c998503c44b84bb25a714,Exporting phrases: a statistical analysis of topical language,https://www.semanticscholar.org/paper/e3f1bcd14c1b9108918c998503c44b84bb25a714,,No links found
42a84b34-d072-4ecd-9081-91444a85301e,24480fb437cd0047a3b832d5acaf5a640405427f,Recent advances in computational terminology,https://www.semanticscholar.org/paper/24480fb437cd0047a3b832d5acaf5a640405427f,https://doi.org/10.1075/NLP.2,No links found
2d5ceb73-c287-44cf-8c07-d302337942ad,4d2864af8e3e92f43001726c132b2d0a8281c9fd,Health Care Epidemiology,https://www.semanticscholar.org/paper/4d2864af8e3e92f43001726c132b2d0a8281c9fd,,No links found
d7132947-eb40-4450-ae68-e0299701499d,65377d4117471df291a1bbc9208b3196754e892e,HEPATITIS B IN IRAN,https://www.semanticscholar.org/paper/65377d4117471df291a1bbc9208b3196754e892e,,No links found
c94edc07-c0ad-4a9b-9948-cfd295cefabb,8b1756f5656506616c93052d3bfeb199c24eaeb4,REASSESSMENT OF THE ROLE OF HEPATITIS B AND C VIRUSES IN POST NECROTIC CIRRHOSIS AND CHRONIC HEPATITIS IN SOUTHERN IRAN,https://www.semanticscholar.org/paper/8b1756f5656506616c93052d3bfeb199c24eaeb4,,No links found
91e973b9-0b8c-4176-ada0-d0b7ca8cca6d,989a0bc57948fe97d78a83ac5f1aa06c2298dc31,CAUSES OF CIRRHOSIS IN A SERIES OF PATIENTS AT A UNIVERSITY HOSPITAL IN TEHRAN,https://www.semanticscholar.org/paper/989a0bc57948fe97d78a83ac5f1aa06c2298dc31,,No links found
36c22421-1454-4c76-b538-e9ea7f61aa23,ccbdf094c7de29ca71d467e87cbd5407d000554f,Recommendations for preventing transmission of infections among chronic hemodialysis patients,https://www.semanticscholar.org/paper/ccbdf094c7de29ca71d467e87cbd5407d000554f,,No links found
a5cc3c9f-0344-46f8-8d9a-d619f482928c,cdca678a836997a9b281e0783938c2f3efc581b2,The epidemiology of viral hepatitis in the United States.,https://www.semanticscholar.org/paper/cdca678a836997a9b281e0783938c2f3efc581b2,,No links found
7140f35a-4be3-4f5e-9043-ea0d88f5cea3,cf780b9f8f9875ec905fd3854c361f61299d7b35,Hepatitis B surface antigen and anti-hepatitis C antibodies among blood donors in the Islamic Republic of Iran.,https://www.semanticscholar.org/paper/cf780b9f8f9875ec905fd3854c361f61299d7b35,https://doi.org/10.26719/2000.6.5-6.1114,No links found
3fa6fe73-0291-410f-a9c6-5c30fd5d6946,d9de39cf27a5b6449b811e872a083f289572dbc8,Lexical Analysis and Stoplists,https://www.semanticscholar.org/paper/d9de39cf27a5b6449b811e872a083f289572dbc8,,No links found
da49eddd-5f8e-42e9-985b-a79142c128b4,fce7931389d4714e878cd537046db1c6cbacc149,Epidemiology of viral hepatitis among Iranian population--a viral marker study.,https://www.semanticscholar.org/paper/fce7931389d4714e878cd537046db1c6cbacc149,,No links found
e9ef3aac-53b9-4371-9c23-ef78d8bb427a,b4d5633b96ea5e0f9e90e03df58e8ad0f6f3dee7,Cohesion in English,https://www.semanticscholar.org/paper/b4d5633b96ea5e0f9e90e03df58e8ad0f6f3dee7,https://doi.org/10.4324/9781315836010,No links found
f7285395-91d6-461f-af74-81d44b0d31d6,675387ddcafc219ef34b6822deb40e73a08617a0,Voting Simply in the Election of Assemblies,https://www.semanticscholar.org/paper/675387ddcafc219ef34b6822deb40e73a08617a0,,No links found
eb2d952a-9843-4ed0-8556-53171a8c31c7,6a7d1669748c30ef108d7874edaf4c8cac73a01c,Lexical Acquisition: Exploiting On-Line Resources to Build a Lexicon,https://www.semanticscholar.org/paper/6a7d1669748c30ef108d7874edaf4c8cac73a01c,https://doi.org/10.4324/9781315785387,No links found
c01729fd-20bc-4825-a2cd-a4b698cea212,b4d5633b96ea5e0f9e90e03df58e8ad0f6f3dee7,Cohesion in English,https://www.semanticscholar.org/paper/b4d5633b96ea5e0f9e90e03df58e8ad0f6f3dee7,https://doi.org/10.4324/9781315836010,No links found
b68f62ca-c9c0-42ca-b6be-f61935926651,c623d1d4b4d94741d4df3885c409876152643b65,CP-nets: a tool for represent-ing and reasoning with conditional ceteris paribus state-ments,https://www.semanticscholar.org/paper/c623d1d4b4d94741d4df3885c409876152643b65,,No links found
db1e7334-932d-425c-b377-4ef4336a7d4d,2e0d8535fdf503e7b2adebca04eff0f09b58f946,A fast and simple stemming algorithm for German words,https://www.semanticscholar.org/paper/2e0d8535fdf503e7b2adebca04eff0f09b58f946,,No links found
1e07c3be-d836-40db-b643-389a5e213ecc,b7780f292c48e504e3a2724e54c205e6c6221932,Computational analysis of present-day American English,https://www.semanticscholar.org/paper/b7780f292c48e504e3a2724e54c205e6c6221932,,No links found
0e79f393-4bbe-4d58-9ab6-28229d87f684,e3f1bcd14c1b9108918c998503c44b84bb25a714,Exporting phrases: a statistical analysis of topical language,https://www.semanticscholar.org/paper/e3f1bcd14c1b9108918c998503c44b84bb25a714,,No links found
d10590b5-5d06-4fe8-93be-420a4a4dac51,bd0bab6fc8cd43c0ce170ad2f4cb34181b31277d,Probabilistic part-of-speech tagging using decision trees,https://www.semanticscholar.org/paper/bd0bab6fc8cd43c0ce170ad2f4cb34181b31277d,,No links found
cc6583fc-6ac7-4d6f-9ecd-14060e9a8458,4ad2957859fef3441b31c781a7569dd151679348,Reducing false positives by expert combination in automatic keyword indexing,https://www.semanticscholar.org/paper/4ad2957859fef3441b31c781a7569dd151679348,https://doi.org/10.1075/cilt.260.41hul,No links found
8bf6f6c2-1164-4e7d-abed-324cfe805d0c,3a4f7eca26ee30aeb798a0eef2c08dd7a1cbad01,A Study Using $n$-gram Features for Text Categorization,https://www.semanticscholar.org/paper/3a4f7eca26ee30aeb798a0eef2c08dd7a1cbad01,,No links found
fdf57b2c-39c8-4cc8-96b4-cf911ae9b0ba,557167c409d8ba9b4065c8cd942c3c4d58e6948a,An Automatic Method of the Extraction of Important Words from Japanese Scientific Documents,https://www.semanticscholar.org/paper/557167c409d8ba9b4065c8cd942c3c4d58e6948a,,No links found
1ac03da5-fc34-421b-9d34-0b3e26ab77b9,688583b83e823bb291d84186cf50c87326559809,"A performance evaluation of similarity measures, document term weighting schemes and representations in a Boolean environment",https://www.semanticscholar.org/paper/688583b83e823bb291d84186cf50c87326559809,,No links found
dbdaf376-4af1-4b4d-aca8-f35c29c0162c,91556a9ef3b88c8a3252a9d39630734047ee0c43,Word association norms,https://www.semanticscholar.org/paper/91556a9ef3b88c8a3252a9d39630734047ee0c43,,No links found
3039353c-74ae-4281-91e4-ab4bfb39e0fe,f44e0b5372a4fb1d8e1b15ca9e9cab7b4d65dd94,Automatic text processing,https://www.semanticscholar.org/paper/f44e0b5372a4fb1d8e1b15ca9e9cab7b4d65dd94,,No links found
b8751093-0a87-4df2-aced-d0c3edc98c9e,0adad831d09856e0ce677e4f22463b2a9ddfaf72,What Might be in a Summary?,https://www.semanticscholar.org/paper/0adad831d09856e0ce677e4f22463b2a9ddfaf72,,No links found
f3a72629-b4f4-4170-8ac2-4462fa6af79c,12e6f6b2da067b61cf692278b8d9933452eee252,"Parsing, Linguistic Resources and Semantic Analysis for Abstracting and Categorisation",https://www.semanticscholar.org/paper/12e6f6b2da067b61cf692278b8d9933452eee252,,No links found
7d3dc5fc-fac0-4a9b-b324-5f0c24661c64,6747229838b06e1c8422261523f0500b74da852e,Lexical Chains for Summarization,https://www.semanticscholar.org/paper/6747229838b06e1c8422261523f0500b74da852e,,No links found
c47b0456-b270-46ed-9b6a-42477ed9bc38,979e629028ae283a7d7a3c62fda472ead72426a3,Sentence Extraction as a Classiication Task,https://www.semanticscholar.org/paper/979e629028ae283a7d7a3c62fda472ead72426a3,,No links found
bd285ee8-167b-4890-a915-6885cc1eadf2,b4d5633b96ea5e0f9e90e03df58e8ad0f6f3dee7,Cohesion in English,https://www.semanticscholar.org/paper/b4d5633b96ea5e0f9e90e03df58e8ad0f6f3dee7,https://doi.org/10.4324/9781315836010,No links found
a1d17b10-3c1a-4c93-8707-60b7c4b4b0b0,0390c0192537b133e26f9c907d5a249894d0367d,Role of Women,https://www.semanticscholar.org/paper/0390c0192537b133e26f9c907d5a249894d0367d,,No links found
2c7a61a0-9159-4593-8722-a26a5d793f4a,077adcefef4edfbe4c9cfa5e6884dd477ff0496f,Automatic Keyphrase Indexing with a Domain-Specific Thesaurus,https://www.semanticscholar.org/paper/077adcefef4edfbe4c9cfa5e6884dd477ff0496f,,No links found
7c1efe48-5a39-4873-b7ff-9d7ce1792c03,0a5350861b59a42f67ab003f8f3c75b8a82e92f5,User interface,https://www.semanticscholar.org/paper/0a5350861b59a42f67ab003f8f3c75b8a82e92f5,https://doi.org/10.1007/978-1-4302-0366-7_11,No links found
a51c3fe3-724f-4c6c-b62f-ad5bb49ee5b1,12f1de1fb280a4c8da954f3d354d866cbdb5b595,The Handbook of Terminology Management,https://www.semanticscholar.org/paper/12f1de1fb280a4c8da954f3d354d866cbdb5b595,,No links found
86831e05-669c-466d-91dd-bc2008e50177,16aca2b2fe823fa4fb53a41010603069a0d6dd2f,Deductive database,https://www.semanticscholar.org/paper/16aca2b2fe823fa4fb53a41010603069a0d6dd2f,,No links found
1c3239e2-afcd-4e18-b52b-41176ed2e63c,1ebd5a255093029d649524423750f02a19fce190,Computational Complexity Theory,https://www.semanticscholar.org/paper/1ebd5a255093029d649524423750f02a19fce190,https://doi.org/10.1090/PCMS%2F010,No links found
57c5e2bf-e1f5-45e2-aff7-f718e1fbcd85,350401d1700be7c7d916594acb757a73a0fe8364,Combining Machine Learning and Natural Language Processing for Automatic Keyword Extraction,https://www.semanticscholar.org/paper/350401d1700be7c7d916594acb757a73a0fe8364,,No links found
cb32ad88-dde8-47d8-8498-508229243c9f,3a923a81a8f5069d50f827c22abe4546385603b4,Inductive learning algorithms and representations for text categorization,https://www.semanticscholar.org/paper/3a923a81a8f5069d50f827c22abe4546385603b4,,No links found
5377f34b-2331-4d08-a5cf-ef964872800e,5078e2e0d5f7ac6f4b2c555319e058ed9d3fc299,Software maintenance,https://www.semanticscholar.org/paper/5078e2e0d5f7ac6f4b2c555319e058ed9d3fc299,https://doi.org/10.1201/9781420031843.ch11,No links found
a1ca29d4-12bf-4c55-a3de-a52593de3b4a,5188d128b38aaa97c17cb93357475a078fa563ee,Retrieval Test Evaluation of a Rule Based Automatic Index (AIR/PHYS),https://www.semanticscholar.org/paper/5188d128b38aaa97c17cb93357475a078fa563ee,,No links found
c3217023-62b3-4f46-a578-39e106c710a8,55bea6d5a97a9fc76f0b2a25b8e3cebd260b1aa9,Logic Programming,https://www.semanticscholar.org/paper/55bea6d5a97a9fc76f0b2a25b8e3cebd260b1aa9,https://doi.org/10.1016/b978-0-444-88074-1.50015-9,No links found
3f5dcced-03fb-4e9c-80a1-574235fdfb0b,62d77748effc7bead660ec7d530de075434e536c,Software Systems,https://www.semanticscholar.org/paper/62d77748effc7bead660ec7d530de075434e536c,https://doi.org/10.1142/9789814307611_0004,No links found
1168996b-0227-466d-8019-01193a50858e,6d3cc99f41f485600dfbaa3cd985b4dab55055b0,String Searching Algorithms,https://www.semanticscholar.org/paper/6d3cc99f41f485600dfbaa3cd985b4dab55055b0,https://doi.org/10.1142/2418,No links found
4037b330-603c-4f5b-be47-66c32b547ee5,70f366abc71eca23054420b00883ea1dc4eb3599,Distributed interactive simulation,https://www.semanticscholar.org/paper/70f366abc71eca23054420b00883ea1dc4eb3599,,No links found
39b2ccc3-51f0-47a6-a08b-a82ef42022d5,7524dc4d1c9974bb2cf21300ff2e5ad2336b2c41,The Art of Indexing,https://www.semanticscholar.org/paper/7524dc4d1c9974bb2cf21300ff2e5ad2336b2c41,,No links found
c30470e1-4c9e-4da2-b767-1946ddcada6e,807c1f19047f96083e13614f7ce20f2ac98c239a,C4.5: Programs for Machine Learning,https://www.semanticscholar.org/paper/807c1f19047f96083e13614f7ce20f2ac98c239a,,No links found
48b95705-f9ae-47ff-8d21-cc89225b4744,844d9b6f8e6945b6d00e96b2804fb240fc5016e7,Hierarchical document clustering using automatically extracted keyphrases,https://www.semanticscholar.org/paper/844d9b6f8e6945b6d00e96b2804fb240fc5016e7,,No links found
b2cf9969-80b0-47f8-ab41-e1b52a1f7610,8f0b02c1e369c1b903bd9f4917a2520464d4cd1d,Conflation-based Comparison of Stemming Algorithms,https://www.semanticscholar.org/paper/8f0b02c1e369c1b903bd9f4917a2520464d4cd1d,,No links found
abeb6221-c0fb-4685-9c60-d35df2bef647,91084c93a122d6ac07cba260b125e79d8c721626,Augmenting Domain-Specific Thesauri with Knowledge from Wikipedia,https://www.semanticscholar.org/paper/91084c93a122d6ac07cba260b125e79d8c721626,,No links found
5d670a94-3b34-48f0-b748-cc1e69a742bd,9198deaf17f705d5ecb15670fc1157abfe7a4e37,Computer-Aided Software Engineering,https://www.semanticscholar.org/paper/9198deaf17f705d5ecb15670fc1157abfe7a4e37,https://doi.org/10.1007/springerreference_10744,No links found
af49c1e5-d29c-4f28-acff-b312bae1f01d,a2bc852eb02c272953795d87619f2d2200f2ed7e,A three-pronged approach to the extraction of key terms and semantic roles,https://www.semanticscholar.org/paper/a2bc852eb02c272953795d87619f2d2200f2ed7e,,No links found
47ab26e3-d235-4496-9760-01322f7d2fde,b15f4ba85cfd741f022520eb7f7295929e4dd6a0,Software Testing,https://www.semanticscholar.org/paper/b15f4ba85cfd741f022520eb7f7295929e4dd6a0,https://doi.org/10.3403/bs7925,No links found
66e87f7b-d4bd-4ffb-a4b0-84238db74b14,b36f6365ea965e3359d47450eb276ae2ed8f1f8c,Natural Disasters,https://www.semanticscholar.org/paper/b36f6365ea965e3359d47450eb276ae2ed8f1f8c,https://doi.org/10.4324/9781315859149,No links found
b0c8f25b-be8c-4392-a573-3c38f3ab53ee,c137a0735374a2c248dfe794f01bac4d0027f9a5,A compiler compiler,https://www.semanticscholar.org/paper/c137a0735374a2c248dfe794f01bac4d0027f9a5,https://doi.org/10.1007/springerreference_10648,No links found
9b1a8e7c-3899-4e42-84d9-ded779e7fc8a,c1a17081db935397bbfbb1ec11126d3170fb9c35,Backus-Naur Form,https://www.semanticscholar.org/paper/c1a17081db935397bbfbb1ec11126d3170fb9c35,,No links found
ce7509d4-fb73-403e-88dd-a5ebf5c5a6c0,cefb38593c2df58ab0b02da273d5f8a056ac1093,Maximum Residue Limits,https://www.semanticscholar.org/paper/cefb38593c2df58ab0b02da273d5f8a056ac1093,https://doi.org/10.1002/9781444322958.CH23,No links found
f1c7eca1-cf56-49e8-9fec-112b39448f9a,cf06295d4b6fa0bace391b5c7abf059e75bd7a8c,Interindexer consistency tests: a literature review and report of a test of consistency in indexing visual materials,https://www.semanticscholar.org/paper/cf06295d4b6fa0bace391b5c7abf059e75bd7a8c,,No links found
99c53a74-68e4-4ce8-ad91-bd85bdbdf416,d062878d29f91e172540ddc15c78ce9b795854ac,3D Computer Graphics,https://www.semanticscholar.org/paper/d062878d29f91e172540ddc15c78ce9b795854ac,,No links found
4d0a08b6-fe87-4974-96f5-a88fa094b125,d139c753042013dbc8066b0b661c6b00873eab7a,- based Named Entity Disambiguation to Arbitrary Web Text,https://www.semanticscholar.org/paper/d139c753042013dbc8066b0b661c6b00873eab7a,,No links found
2105ea50-66b9-4c52-8cc5-63e784118656,d4dd6d097d3148ce470a87332f1ffc662301d7e8,The Library of Congress Classification as a Knowledge Base for Automatic Subject Categorization,https://www.semanticscholar.org/paper/d4dd6d097d3148ce470a87332f1ffc662301d7e8,https://doi.org/10.1515/9783110964912.163,No links found
0ac6cca7-16c8-4f74-87b6-934f848fdf84,d5504c7d00e3daad085eb6309559265bd5bbf1b0,Load Balancing,https://www.semanticscholar.org/paper/d5504c7d00e3daad085eb6309559265bd5bbf1b0,https://doi.org/10.1007/978-0-387-39940-9_2971,No links found
b0ff017f-fed9-4bab-b464-f8fb9f0729df,d96dc7cefd82ddf8a8239d589e25bc5b8194e406,Problem Solving,https://www.semanticscholar.org/paper/d96dc7cefd82ddf8a8239d589e25bc5b8194e406,https://doi.org/10.4324/9780203457955,No links found
779c4a53-0361-4129-be9c-8bc020bb8b5b,dee51cd750821b10f520f3462f199230a0e60f65,Data analysis,https://www.semanticscholar.org/paper/dee51cd750821b10f520f3462f199230a0e60f65,https://doi.org/10.1002/9780470611777,No links found
90afd2d9-e85d-47bb-81a2-95242ca38fc0,e173493ed0de4c58eb5ead8476bca0ab447f127e,Inter-Indexer Consistency and Retrieval Effectiveness: Measurement of Relationships,https://www.semanticscholar.org/paper/e173493ed0de4c58eb5ead8476bca0ab447f127e,,No links found
11535460-12af-4146-976c-499f536e1f0a,e5e5a511912aff1a9da6b926d74f56e0d88a7115,Phrase-based Information Retrieval,https://www.semanticscholar.org/paper/e5e5a511912aff1a9da6b926d74f56e0d88a7115,,No links found
8f26f80c-398f-4692-b996-fde02b50f423,e64a75aa6cbc629e1074f6a1cdc3f4b33cc9660d,Knowledge Management,https://www.semanticscholar.org/paper/e64a75aa6cbc629e1074f6a1cdc3f4b33cc9660d,https://doi.org/10.1201/9781420028072-13,No links found
55464398-d511-47c3-b630-a3300c392b90,f4646f1053092ad20189c5573c3370e989117ff3,An association-based method for automatic indexing with a controlled vocabulary,https://www.semanticscholar.org/paper/f4646f1053092ad20189c5573c3370e989117ff3,https://doi.org/10.1002/%28SICI%291097-4571%28199808%2949%3A10%3C888%3A%3AAID-ASI5%3E3.0.CO%3B2-Y,No links found
8195bef0-3e9c-4b87-ba37-530d2f4e2e7a,ffb950fd0e4ec7dd464eac75e9b65d65b62cd601,Indexing consistency in MEDLINE.,https://www.semanticscholar.org/paper/ffb950fd0e4ec7dd464eac75e9b65d65b62cd601,,No links found
4f33ec45-debe-449e-9186-5507a6994bac,4ad2957859fef3441b31c781a7569dd151679348,Reducing false positives by expert combination in automatic keyword indexing,https://www.semanticscholar.org/paper/4ad2957859fef3441b31c781a7569dd151679348,https://doi.org/10.1075/cilt.260.41hul,No links found
9d6ac9cc-82d2-4cc1-bd6b-30532d9f012c,615cdebfef5e8cd1e0e8eef126e0fe7148fbf6a3,"Data Mining: Concepts and Techniques, Second Edition",https://www.semanticscholar.org/paper/615cdebfef5e8cd1e0e8eef126e0fe7148fbf6a3,,No links found
51b728df-32ff-4f0a-8188-a47d02811611,a44c9f5658955781b439312340c5e0e7b489931a,TRANSACTIONS ON KNOWLEDGE AND DATA ENGINEERING,https://www.semanticscholar.org/paper/a44c9f5658955781b439312340c5e0e7b489931a,,No links found
3f57cfab-a438-4f5c-9059-35bd71fc5f0c,957405762de4a3e4d1d82e3e8e57b327acb8b084,Reference directed indexing: indexing scientific literature in the context of its use,https://www.semanticscholar.org/paper/957405762de4a3e4d1d82e3e8e57b327acb8b084,,No links found
1f3f9b05-85ec-49ab-8067-d74be9b524d0,ee800bab67e177e4676578f621db59a0faa736cd,Human-competitive automatic topic indexing,https://www.semanticscholar.org/paper/ee800bab67e177e4676578f621db59a0faa736cd,,No links found
3dcceaaf-2040-44e6-a7a6-31e3e2947e0a,3804f02c915731ac6da897eeb626ee9b9862c46a,Towards multi-paper summarization reference information,https://www.semanticscholar.org/paper/3804f02c915731ac6da897eeb626ee9b9862c46a,,No links found
548f48f9-e26e-412a-a564-39a484399b2b,957405762de4a3e4d1d82e3e8e57b327acb8b084,Reference directed indexing: indexing scientific literature in the context of its use,https://www.semanticscholar.org/paper/957405762de4a3e4d1d82e3e8e57b327acb8b084,,No links found
83386d6e-9d9a-4602-bc90-cac00ec0b6d5,b2f8876482c97e804bb50a5e2433881ae31d0cdd,"Binary codes capable of correcting deletions, insertions, and reversals",https://www.semanticscholar.org/paper/b2f8876482c97e804bb50a5e2433881ae31d0cdd,,No links found
4cb3619f-eb73-402f-9287-cf584dc108de,2c56421ff3c2a69894d28b09a656b7157df8eb83,Large Dataset for Keyphrases Extraction,https://www.semanticscholar.org/paper/2c56421ff3c2a69894d28b09a656b7157df8eb83,,No links found
07f178d7-fcf2-4ec4-a7e7-a223f678a365,350401d1700be7c7d916594acb757a73a0fe8364,Combining Machine Learning and Natural Language Processing for Automatic Keyword Extraction,https://www.semanticscholar.org/paper/350401d1700be7c7d916594acb757a73a0fe8364,,No links found
ead36b47-a07b-470a-b3b0-693cbeeb37a5,795ab91272adaab848cb14de1dd9b105a93b5c67,Automatic recognition of multi-word terms,https://www.semanticscholar.org/paper/795ab91272adaab848cb14de1dd9b105a93b5c67,,No links found
70fb4859-02cd-49a2-aae5-e2bca7f371bf,380e15e151130a707046b48550c2560972a77954,Automatic Keyphrase Generation,https://www.semanticscholar.org/paper/380e15e151130a707046b48550c2560972a77954,,No links found
9024a08e-e12e-4407-bfe7-0d300022d49d,47cb5144741d4181b8d0ff3a8642bced08cdaca9,Proceedings of the 22nd ACM/IEEE Joint Conference on Digital Libraries,https://www.semanticscholar.org/paper/47cb5144741d4181b8d0ff3a8642bced08cdaca9,https://doi.org/10.1145/3529372,No links found
5ef2a21e-3b4f-4ed7-8ef5-5ad5fe55a117,6b296e9c79ea0dba405a77361c7c88fb5bae982a,Computing PageRank using Power Extrapolation,https://www.semanticscholar.org/paper/6b296e9c79ea0dba405a77361c7c88fb5bae982a,,No links found
1a95d48c-06b1-4183-af40-cb3b00f30e47,806c2c4327a31fded64a5d673ab82b133194c234,Introduction to information retrieval,https://www.semanticscholar.org/paper/806c2c4327a31fded64a5d673ab82b133194c234,https://doi.org/10.1017/CBO9780511809071,No links found
89ade796-37cd-463e-a071-c67693c4a451,945660b9f1e0fbec5c94988e5822f8d6dd3e7510,Automatic keyphrase extraction and ontology mining for content-based tag recommendation,https://www.semanticscholar.org/paper/945660b9f1e0fbec5c94988e5822f8d6dd3e7510,https://doi.org/10.1002/INT.V25%3A12,No links found
b91995d4-542a-4311-9e37-053ac3783c04,22e64291f18cbf3309fe1624a16a18722e1da381,Assessing agreement on classification tasks,https://www.semanticscholar.org/paper/22e64291f18cbf3309fe1624a16a18722e1da381,,No links found
81750390-7908-4ebe-9802-740c9f63ac15,4dc90c9a7a21fcc0dcfac671ab25261ca2e75389,Test-Driving TANKA: Evaluating a Semi-automatic System of Text Analysis for Knowledge Acquisition,https://www.semanticscholar.org/paper/4dc90c9a7a21fcc0dcfac671ab25261ca2e75389,https://doi.org/10.1007/3-540-64575-6_40,No links found
e6b0579c-1b76-4258-85e6-86800016573e,c73409031056897e67884c6d5852a5c146235c99,Text processing without a priori domain knowledge: semi-automatic linguistic analysis for incremental knowledge acquisition,https://www.semanticscholar.org/paper/c73409031056897e67884c6d5852a5c146235c99,https://doi.org/10.20381/RUOR-14908,No links found
03fe895c-04f7-40e8-a8a0-4c55cbb8d78c,d9ff3082be8ba7d91e9d74ad90cf7492ab58021b,"Proceedings of the Fourth ACM conference on Digital Libraries, August 11-14, 1999, Berkeley, CA, USA",https://www.semanticscholar.org/paper/d9ff3082be8ba7d91e9d74ad90cf7492ab58021b,,No links found
508d8db1-51b9-4677-9843-14ef0471d32e,de9feb8515cd6862df9a6b6f593fe62c2a6e1631,The Design of a Conngurable Text Summarization System,https://www.semanticscholar.org/paper/de9feb8515cd6862df9a6b6f593fe62c2a6e1631,,No links found
f4cd477d-4a05-4d7a-91f2-2e8597f813b0,957405762de4a3e4d1d82e3e8e57b327acb8b084,Reference directed indexing: indexing scientific literature in the context of its use,https://www.semanticscholar.org/paper/957405762de4a3e4d1d82e3e8e57b327acb8b084,,No links found
f464f412-005b-4dc0-8c9d-c74712e101cd,e3a329484b160634c3b6d0bbac9b88b4c249b309,Classification of research papers using citation links and citation types: Towards automatic review article generation.,https://www.semanticscholar.org/paper/e3a329484b160634c3b6d0bbac9b88b4c249b309,https://doi.org/10.7152/ACRO.V11I1.12774,No links found
cb3408ac-9b96-4b99-8eed-c6b9debae3df,306e31e9909dff206ea0eaf6bb4753fba7235723,Snippet Search: a Single Phrase Approach to Text Access,https://www.semanticscholar.org/paper/306e31e9909dff206ea0eaf6bb4753fba7235723,,No links found
e2753b7a-b8a0-47e8-a316-b89318fba60e,a0d45c8873cb32102c2abdaf96303ea0a1bd3a80,"Managing multiple collections, multiple languages, and multiple media in a distributed digital library",https://www.semanticscholar.org/paper/a0d45c8873cb32102c2abdaf96303ea0a1bd3a80,,No links found
c707fec9-247f-49c7-b2c9-211355df6fa1,ca018445412da7e1d89eb8ba23c69b7e2bd2fa01,Managing gigabytes (2nd ed.): compressing and indexing documents and images,https://www.semanticscholar.org/paper/ca018445412da7e1d89eb8ba23c69b7e2bd2fa01,,No links found
d024ef83-b221-438e-b296-df55f2cd11e0,e2fb703bd01e2a771fdf77c4a2276e8bc6d2590e,An Apprentice That Discovers Hypertext Links,https://www.semanticscholar.org/paper/e2fb703bd01e2a771fdf77c4a2276e8bc6d2590e,,No links found
505cfe65-aa8b-438a-b7c9-3586648f8eef,010eeb6e587fe3b55537d60ceb8b1b2f8902edf5,E-learning Research,https://www.semanticscholar.org/paper/010eeb6e587fe3b55537d60ceb8b1b2f8902edf5,,No links found
bc94290b-f859-4bc0-b2af-0378ff33a6c0,5404d32c5316c7dee1799579911619d2794dfe96,Handbook of mathematical formulas and integrals,https://www.semanticscholar.org/paper/5404d32c5316c7dee1799579911619d2794dfe96,https://doi.org/10.5860/choice.42-4078,No links found
83600691-e766-49e3-b695-adc534508b9b,b88c6b85e317a3e644def3853e1a816fcd046150,Measures on the Closed Subspaces of a Hilbert Space,https://www.semanticscholar.org/paper/b88c6b85e317a3e644def3853e1a816fcd046150,https://doi.org/10.1007/978-94-010-1795-4_7,No links found
5022e5aa-310d-4f0b-97ba-2c2ec8a8f8c3,ef14bffd64d345baabfe3912328bf4e17dc8fb9a,TSSP: A Reinforcement Algorithm to Find Related Papers,https://www.semanticscholar.org/paper/ef14bffd64d345baabfe3912328bf4e17dc8fb9a,https://doi.org/10.1109/WI.2004.145,No links found
6c6dc3ec-1f16-4d6a-b87c-0f72e587a420,12133cfc6688cc2cdea57595b045a28b94d98f1d,Text Summarization via Hidden Markov Models and Pivoted QR Matrix Decomposition,https://www.semanticscholar.org/paper/12133cfc6688cc2cdea57595b045a28b94d98f1d,,No links found
1a6ad6a3-6515-4ace-ad2a-1163bd6f9069,f6d1c90a2807d64d45a78c5507215f8e3e105014,Entity Network Prediction Using Multitype Topic Models,https://www.semanticscholar.org/paper/f6d1c90a2807d64d45a78c5507215f8e3e105014,https://doi.org/10.1093/ietisy%2Fe91-d.11.2589,No links found
bd4dc894-ad1a-4b86-8932-b56953174e54,2b874c33744cf79e580c12f9be1586155d44a086,Toward Semantic Digital Libraries: Exploiting Web 2.0 and Semantic Services in Cultural Heritage,https://www.semanticscholar.org/paper/2b874c33744cf79e580c12f9be1586155d44a086,,No links found
efc27367-7592-4068-ae3c-ab0843f5b8c3,41bcdce47db8296bdbfbc3431bcbe045347cdf40,"Handbook of Research on Web 2.0, 3.0, and X.0: Technologies, Business, and Social Applications",https://www.semanticscholar.org/paper/41bcdce47db8296bdbfbc3431bcbe045347cdf40,https://doi.org/10.4018/978-1-60566-384-5,No links found
b9e16768-a447-418b-932f-7821d85b1879,5331ccd55beb6a852d6b9d1e84a8e20559719481,Experiment Research on Feature Selection and Learning Method in Keyphrase Extraction,https://www.semanticscholar.org/paper/5331ccd55beb6a852d6b9d1e84a8e20559719481,https://doi.org/10.1007/978-3-642-00831-3_29,No links found
bfa22845-13a1-4969-8f0e-e67061c00ba6,68226a8d3978155344d39f43c320b515917ca146,In semantic information processing,https://www.semanticscholar.org/paper/68226a8d3978155344d39f43c320b515917ca146,,No links found
ab6250a3-ae61-4967-a1a1-0e448a605a5f,a7c7ac74d7745c10967fd52cb45bf402a7fb83a5,Towards Disambiguating Social Tagging Systems,https://www.semanticscholar.org/paper/a7c7ac74d7745c10967fd52cb45bf402a7fb83a5,https://doi.org/10.4018/978-1-60566-384-5.CH020,No links found
6b29c8c1-9bb3-4488-bdac-585ebc22a23f,907b02c6322d0e7dff6b0201b03e3d2c6bc1d38f,The Class Imbalance Problem: Significance and Strategies,https://www.semanticscholar.org/paper/907b02c6322d0e7dff6b0201b03e3d2c6bc1d38f,,No links found
f2f591eb-e980-4fe1-ae73-a9bb4d7fd272,ac05b9d512e2dc3a751b59a1145d3030d9193d01,Priniples of Database Query Processing for Advanced Applications,https://www.semanticscholar.org/paper/ac05b9d512e2dc3a751b59a1145d3030d9193d01,,No links found
491dbf57-7312-4879-ab35-8cb8f382330a,ebc3914181d76c817f0e35f788b7c4c0f80abb07,Addressing the Curse of Imbalanced Training Sets: One-Sided Selection,https://www.semanticscholar.org/paper/ebc3914181d76c817f0e35f788b7c4c0f80abb07,,No links found
7f1d6945-40ac-4e69-a35e-1c7622ba5f42,c3cd6f68e37bd6b37d3846168ae569f7eb4f6778,"Aslib Cranfield research project - Factors determining the performance of indexing systems; Volume 1, Design; Part 1, Text",https://www.semanticscholar.org/paper/c3cd6f68e37bd6b37d3846168ae569f7eb4f6778,,No links found
ac9d57b1-3568-46e5-83ee-8117d06e1ba3,0b6044cb3ed27185ce0f375d4d80cf0e525bed17,Experiments in Automatic Phrase Indexing For Document Retrieval: A Comparison of Syntactic and Non-Syntactic Methods,https://www.semanticscholar.org/paper/0b6044cb3ed27185ce0f375d4d80cf0e525bed17,,No links found
7cf7d4cd-42b5-42c2-8bde-558b97dd89fd,54d47db19bb99177eed093d0dce2ab06bb8a26b9,Extraction of Index Words from Manuals,https://www.semanticscholar.org/paper/54d47db19bb99177eed093d0dce2ab06bb8a26b9,https://doi.org/10.5555/2856695.2856747,No links found
7c33cff5-01b7-4c65-ad34-c382ae78d9b2,807c1f19047f96083e13614f7ce20f2ac98c239a,C4.5: Programs for Machine Learning,https://www.semanticscholar.org/paper/807c1f19047f96083e13614f7ce20f2ac98c239a,,No links found
8c4fab56-ad44-453f-9811-4d0376c3ac51,814cf172298d11db0ac9b839440ed8f3db93e438,Arcing Classifiers,https://www.semanticscholar.org/paper/814cf172298d11db0ac9b839440ed8f3db93e438,,No links found
1bf2c3e1-6d0d-407a-be65-547bd0242877,81dc8ca76afa41d2c49865068c46114178bdf558,The GENITOR Algorithm and Selection Pressure: Why Rank-Based Allocation of Reproductive Trials is Best,https://www.semanticscholar.org/paper/81dc8ca76afa41d2c49865068c46114178bdf558,,No links found
b86a7392-ccb2-4c25-9a75-2c935b8e8965,9e307772ef7b6257f4869a10508bfa9495d490c7,Development of a Document Summarization System for Effective Information Services,https://www.semanticscholar.org/paper/9e307772ef7b6257f4869a10508bfa9495d490c7,https://doi.org/10.5555/2856695.2856706,No links found
10de9e13-11d4-4e6d-9662-7767b6f2b50e,c3dd10311ea5c3cb0a200073853c48c462c0b602,Sample Surveys: The Field,https://www.semanticscholar.org/paper/c3dd10311ea5c3cb0a200073853c48c462c0b602,https://doi.org/10.1016/B0-08-043076-7%2F00496-4,No links found
6db03e65-fbee-4a82-b290-ba773c7897a4,e3f1bcd14c1b9108918c998503c44b84bb25a714,Exporting phrases: a statistical analysis of topical language,https://www.semanticscholar.org/paper/e3f1bcd14c1b9108918c998503c44b84bb25a714,,No links found
960864c1-9970-4044-a068-ffc086a2269f,350401d1700be7c7d916594acb757a73a0fe8364,Combining Machine Learning and Natural Language Processing for Automatic Keyword Extraction,https://www.semanticscholar.org/paper/350401d1700be7c7d916594acb757a73a0fe8364,,No links found
e6fa6782-e269-46ab-b56e-f2bf54fe3d2d,807c1f19047f96083e13614f7ce20f2ac98c239a,C4.5: Programs for Machine Learning,https://www.semanticscholar.org/paper/807c1f19047f96083e13614f7ce20f2ac98c239a,,No links found
ec5ef6dd-df27-4680-b674-dbb756531b6d,958f001b6f348f7c353260b289bed185fffac847,Large Margin Rank Boundaries for Ordinal Regression,https://www.semanticscholar.org/paper/958f001b6f348f7c353260b289bed185fffac847,https://doi.org/10.7551/mitpress%2F1113.003.0010,No links found
6ef04bdc-bf10-4a06-a57f-d017e71b7911,b15b10214c886fd2f097dd792f02d5104098a3a6,Finding nuggets in documents: A machine learning approach,https://www.semanticscholar.org/paper/b15b10214c886fd2f097dd792f02d5104098a3a6,https://doi.org/10.1002/ASI.V57%3A6,No links found
fd7a3435-2043-4a32-a706-398bba1273d5,2bb3b3bdb6d10d4955d353385014683919bf61ce,Domain-independent automatic keyphrase indexing with small training sets,https://www.semanticscholar.org/paper/2bb3b3bdb6d10d4955d353385014683919bf61ce,https://doi.org/10.1002/ASI.V59%3A7,No links found
a24292d0-b23f-4804-b5ab-fbc74f545b19,604af19e485529cc5bf436608fb6505de4085bcd,Karen Sprck Jones,https://www.semanticscholar.org/paper/604af19e485529cc5bf436608fb6505de4085bcd,,No links found
a14c08da-94b9-465a-9c52-eefe48e562b1,afa68915795d38594a1f6b5ecfc7d0aacd30f610,"Review of : Choo, C.W. Information management for the intelligent organization: the art of scanning the environment. 3rd ed. Medford, NJ: Information Today, Inc., 2002",https://www.semanticscholar.org/paper/afa68915795d38594a1f6b5ecfc7d0aacd30f610,,No links found
b5b59f29-4beb-4962-a967-e7b6a7e27467,e5a433764320146b8c8496c4172dec6c32e506bf,Everything old is new again: a fresh look at historical approaches in machine learning,https://www.semanticscholar.org/paper/e5a433764320146b8c8496c4172dec6c32e506bf,,No links found
7efab94c-5a42-4ea6-9ada-6ab421fef8e1,017f8d4ef5cfaeef3d55c9cd85abbea0cd97e6cf,Predicting Structured Data (Neural Information Processing),https://www.semanticscholar.org/paper/017f8d4ef5cfaeef3d55c9cd85abbea0cd97e6cf,,No links found
34914e83-ab05-4a2a-84bc-eec2af98a25b,7e9690058b4f04875a2c7781efd1247a43bf6747,Introduction to Statistical Relational Learning,https://www.semanticscholar.org/paper/7e9690058b4f04875a2c7781efd1247a43bf6747,https://doi.org/10.7551/mitpress%2F7432.001.0001,No links found
c45813f6-6773-4854-885f-ca41ad3203fb,1b233b82ba35c913e0ddcf19b11ec50d013a8149,Fused Matrix Factorization with Geographical and Social Influence in Location-Based Social Networks,https://www.semanticscholar.org/paper/1b233b82ba35c913e0ddcf19b11ec50d013a8149,https://doi.org/10.1609/aaai.v26i1.8100,No links found
a9bb6e5f-af97-4b71-9c5f-bb8d92d85538,24480fb437cd0047a3b832d5acaf5a640405427f,Recent advances in computational terminology,https://www.semanticscholar.org/paper/24480fb437cd0047a3b832d5acaf5a640405427f,https://doi.org/10.1075/NLP.2,No links found
d5f565ba-585d-46b8-abb8-edf4d677b742,4d2864af8e3e92f43001726c132b2d0a8281c9fd,Health Care Epidemiology,https://www.semanticscholar.org/paper/4d2864af8e3e92f43001726c132b2d0a8281c9fd,,No links found
35d342b0-37af-4dcc-948e-51596ebef0e6,65377d4117471df291a1bbc9208b3196754e892e,HEPATITIS B IN IRAN,https://www.semanticscholar.org/paper/65377d4117471df291a1bbc9208b3196754e892e,,No links found
7b5db20d-79a3-482b-89dd-256377085993,8b1756f5656506616c93052d3bfeb199c24eaeb4,REASSESSMENT OF THE ROLE OF HEPATITIS B AND C VIRUSES IN POST NECROTIC CIRRHOSIS AND CHRONIC HEPATITIS IN SOUTHERN IRAN,https://www.semanticscholar.org/paper/8b1756f5656506616c93052d3bfeb199c24eaeb4,,No links found
c32955af-d932-4458-a9c0-a4325efec899,989a0bc57948fe97d78a83ac5f1aa06c2298dc31,CAUSES OF CIRRHOSIS IN A SERIES OF PATIENTS AT A UNIVERSITY HOSPITAL IN TEHRAN,https://www.semanticscholar.org/paper/989a0bc57948fe97d78a83ac5f1aa06c2298dc31,,No links found
01eea1c9-982b-4109-84b9-b0b9cd4fda1b,ccbdf094c7de29ca71d467e87cbd5407d000554f,Recommendations for preventing transmission of infections among chronic hemodialysis patients,https://www.semanticscholar.org/paper/ccbdf094c7de29ca71d467e87cbd5407d000554f,,No links found
640ac897-a817-4e26-8992-a8c76f93b1d6,cdca678a836997a9b281e0783938c2f3efc581b2,The epidemiology of viral hepatitis in the United States.,https://www.semanticscholar.org/paper/cdca678a836997a9b281e0783938c2f3efc581b2,,No links found
b3ab8bfe-7cfb-4287-b488-7587efa80bf3,cf780b9f8f9875ec905fd3854c361f61299d7b35,Hepatitis B surface antigen and anti-hepatitis C antibodies among blood donors in the Islamic Republic of Iran.,https://www.semanticscholar.org/paper/cf780b9f8f9875ec905fd3854c361f61299d7b35,https://doi.org/10.26719/2000.6.5-6.1114,No links found
9fbbd6a0-422c-44d1-9c00-c32ea613cbe8,d9de39cf27a5b6449b811e872a083f289572dbc8,Lexical Analysis and Stoplists,https://www.semanticscholar.org/paper/d9de39cf27a5b6449b811e872a083f289572dbc8,,No links found
66974703-e68c-4686-a1a5-86c259f4da57,fce7931389d4714e878cd537046db1c6cbacc149,Epidemiology of viral hepatitis among Iranian population--a viral marker study.,https://www.semanticscholar.org/paper/fce7931389d4714e878cd537046db1c6cbacc149,,No links found
960bee9b-ec98-484f-b7a3-d6de29d75d15,b4d5633b96ea5e0f9e90e03df58e8ad0f6f3dee7,Cohesion in English,https://www.semanticscholar.org/paper/b4d5633b96ea5e0f9e90e03df58e8ad0f6f3dee7,https://doi.org/10.4324/9781315836010,No links found
4c5c0ed5-2cf0-4bf3-8b0f-7c9fc0b10197,350401d1700be7c7d916594acb757a73a0fe8364,Combining Machine Learning and Natural Language Processing for Automatic Keyword Extraction,https://www.semanticscholar.org/paper/350401d1700be7c7d916594acb757a73a0fe8364,,No links found
3c70232d-1106-487d-903f-d5308144a30d,e173493ed0de4c58eb5ead8476bca0ab447f127e,Inter-Indexer Consistency and Retrieval Effectiveness: Measurement of Relationships,https://www.semanticscholar.org/paper/e173493ed0de4c58eb5ead8476bca0ab447f127e,,No links found
574a5df8-0106-4063-a364-f961d577fe0b,902f0fcd1ebd1b7ee3b03a34fcdbb7ea1b428724,Blind men and elephants: What do citation summaries tell us about a research article?,https://www.semanticscholar.org/paper/902f0fcd1ebd1b7ee3b03a34fcdbb7ea1b428724,https://doi.org/10.1002/ASI.V59%3A1,No links found
60baa29e-9044-4f0d-a340-bab1c62c7bab,e3a329484b160634c3b6d0bbac9b88b4c249b309,Classification of research papers using citation links and citation types: Towards automatic review article generation.,https://www.semanticscholar.org/paper/e3a329484b160634c3b6d0bbac9b88b4c249b309,https://doi.org/10.7152/ACRO.V11I1.12774,No links found
05eeef99-f278-4c82-b624-1108fb48f51a,e28357251ac1423a502a7eec0f230e43315e600e,Why do team-authored papers get cited more?,https://www.semanticscholar.org/paper/e28357251ac1423a502a7eec0f230e43315e600e,,No links found
b8cf1434-b64d-49b5-8057-f241d5fc6618,87c148f7e501b115f2624dff9872a9214726561a,Collaborative Information Extraction and Mining from Multiple Web Documents,https://www.semanticscholar.org/paper/87c148f7e501b115f2624dff9872a9214726561a,https://doi.org/10.1137/1.9781611972764.39,No links found
d06cc2c0-d0d5-46fe-8825-83054bca776b,e3f1bcd14c1b9108918c998503c44b84bb25a714,Exporting phrases: a statistical analysis of topical language,https://www.semanticscholar.org/paper/e3f1bcd14c1b9108918c998503c44b84bb25a714,,No links found
8314185c-e58d-411b-9315-7c0366716f79,675387ddcafc219ef34b6822deb40e73a08617a0,Voting Simply in the Election of Assemblies,https://www.semanticscholar.org/paper/675387ddcafc219ef34b6822deb40e73a08617a0,,No links found
092f441d-fa65-478b-92f1-af644b73e6ef,6a7d1669748c30ef108d7874edaf4c8cac73a01c,Lexical Acquisition: Exploiting On-Line Resources to Build a Lexicon,https://www.semanticscholar.org/paper/6a7d1669748c30ef108d7874edaf4c8cac73a01c,https://doi.org/10.4324/9781315785387,No links found
329fb517-079b-4006-904a-999641e7e034,b4d5633b96ea5e0f9e90e03df58e8ad0f6f3dee7,Cohesion in English,https://www.semanticscholar.org/paper/b4d5633b96ea5e0f9e90e03df58e8ad0f6f3dee7,https://doi.org/10.4324/9781315836010,No links found
4f2fbda8-314d-4f93-9460-961fbbc2f368,c623d1d4b4d94741d4df3885c409876152643b65,CP-nets: a tool for represent-ing and reasoning with conditional ceteris paribus state-ments,https://www.semanticscholar.org/paper/c623d1d4b4d94741d4df3885c409876152643b65,,No links found
339cdbce-de34-4e53-b85e-a2a0acedafeb,87b73c42d6be5f91bc20427334ab9bf7f76003e9,Extraction of Text Phrases Using Hierarchical Grammar,https://www.semanticscholar.org/paper/87b73c42d6be5f91bc20427334ab9bf7f76003e9,https://doi.org/10.1007/3-540-47922-8_27,No links found
3f3146bc-67c7-426a-8923-4bb181d98f4c,acb2320299fa097a504f3c629a2265f157d88468,Document Clustering and Text Summarization,https://www.semanticscholar.org/paper/acb2320299fa097a504f3c629a2265f157d88468,,No links found
471e176d-122f-4d58-ae7d-a9338e10d328,383d94a93035198a1edeba0cdcf522ee9097e757,Combining Content-based and Collaborative Recommendation Diierent Approaches to Recommendation Content-based Recommendation,https://www.semanticscholar.org/paper/383d94a93035198a1edeba0cdcf522ee9097e757,,No links found
1865aa4d-5aff-4139-ba0c-eb26bfd9b2ff,c6d61f2f6804507917f95df1144668a0e3d0df59,Probabilistic Relevance Models Based on Document and Query Generation,https://www.semanticscholar.org/paper/c6d61f2f6804507917f95df1144668a0e3d0df59,https://doi.org/10.1007/978-94-017-0171-6_1,No links found
bfc0d2f9-0704-4410-9397-950dd791b623,123a6d5db39ed481f37923cc8eb6822052b18fa0,An Evaluation of Document Keyphrase Sets,https://www.semanticscholar.org/paper/123a6d5db39ed481f37923cc8eb6822052b18fa0,,No links found
f513684f-0861-4957-8db6-c637355f31c4,7120a649c4bde2a9f05d3dc518c2df0381a0f5bf,Experimental Evaluation of Ranking and Selection Methods in Term Extraction,https://www.semanticscholar.org/paper/7120a649c4bde2a9f05d3dc518c2df0381a0f5bf,https://doi.org/10.1075/nlp.2.16nak,No links found
b62639ec-4d20-46f9-afe1-b6a917a41f4f,d9de39cf27a5b6449b811e872a083f289572dbc8,Lexical Analysis and Stoplists,https://www.semanticscholar.org/paper/d9de39cf27a5b6449b811e872a083f289572dbc8,,No links found
0c20741a-7626-4270-b9e5-024228b0558f,15c746b05e84453e663122d4413d646796c8ecda,English Special Languages: Principles and Practice in Science and Technology,https://www.semanticscholar.org/paper/15c746b05e84453e663122d4413d646796c8ecda,,No links found
0798d2cc-842b-41e4-bc54-4fa5f853229e,1faab69029deb65472ba6a191ab25f33fa5f12e3,A practical course in terminology processing,https://www.semanticscholar.org/paper/1faab69029deb65472ba6a191ab25f33fa5f12e3,https://doi.org/10.1075/z.44,No links found
7a562afa-322b-4698-9599-36205916872d,4f11e1b9d2656d8738329458ef3d325e6c6194a5,A corpus-based approach to language learning,https://www.semanticscholar.org/paper/4f11e1b9d2656d8738329458ef3d325e6c6194a5,,No links found
c1d89fa5-f191-4f40-83fd-79a73de5af0a,5548fd7c8b67a7f94cb174943a7b0682aa0e954d,Extracting terminological expressions,https://www.semanticscholar.org/paper/5548fd7c8b67a7f94cb174943a7b0682aa0e954d,,No links found
8d76d803-ea94-4ac7-acc1-65212a625321,d4e5e79092ece8144b887a4ed8c4102520ba1346,Analyzing language in restricted domains : sublanguage description and processing,https://www.semanticscholar.org/paper/d4e5e79092ece8144b887a4ed8c4102520ba1346,https://doi.org/10.4324/9781315802206,No links found
ca1e3e7b-357d-4862-bb86-fff44e79a4ec,3804f02c915731ac6da897eeb626ee9b9862c46a,Towards multi-paper summarization reference information,https://www.semanticscholar.org/paper/3804f02c915731ac6da897eeb626ee9b9862c46a,,No links found
da0ae155-d9eb-449e-bcb0-9c931de79486,e3a329484b160634c3b6d0bbac9b88b4c249b309,Classification of research papers using citation links and citation types: Towards automatic review article generation.,https://www.semanticscholar.org/paper/e3a329484b160634c3b6d0bbac9b88b4c249b309,https://doi.org/10.7152/ACRO.V11I1.12774,No links found
88a9ae5a-b7d3-4703-b8ad-1f36111aaf0a,18ce5d89490252899a461e44889eab1afb3c6dbb,Is it fair to evaluate Web systems using TREC ad hoc methods,https://www.semanticscholar.org/paper/18ce5d89490252899a461e44889eab1afb3c6dbb,,No links found
386290bc-a232-4880-b99a-cabe5f65b024,5526875fdb717c07b6ddcdf59ee3abee79856d99,Overview of the TREC-2001 Web track,https://www.semanticscholar.org/paper/5526875fdb717c07b6ddcdf59ee3abee79856d99,,No links found
ceb5d077-ceaf-4078-9fcf-5fa6ffaa6f3b,aca07a7288c4eaaf37eb71e9d44e4ac9366ed3a1,TREC-2 Routing and Ad-Hoc Retrieval Evaluation using the INQUERY System,https://www.semanticscholar.org/paper/aca07a7288c4eaaf37eb71e9d44e4ac9366ed3a1,,No links found
4633aceb-391f-4bb3-afc6-ecbc251d72b6,f7a8d621e2531c20252a01a9428a1157466ebf64,Using Wordnet for Text Retrieval,https://www.semanticscholar.org/paper/f7a8d621e2531c20252a01a9428a1157466ebf64,https://doi.org/10.7551/mitpress%2F7287.003.0019,No links found
1189a00c-c7f6-4cc6-84a9-f1532c81b02e,3c8151fd25b9c6897bd8fa5c4a88aebba49f1cb8,"C4.5, Class Imbalance, and Cost Sensitivity: Why Under-Sampling beats Over-Sampling",https://www.semanticscholar.org/paper/3c8151fd25b9c6897bd8fa5c4a88aebba49f1cb8,,No links found
0e89a6fc-a2c0-44b3-8e94-8d9c53b8ba7d,3d17b534d24c004cf4d37ed7295715612313b64d,The GURU System in TREC-6,https://www.semanticscholar.org/paper/3d17b534d24c004cf4d37ed7295715612313b64d,,No links found
32a19643-2c4b-446f-bd36-eb076f24ce76,3f133e39f3fb543f25a1a75400b81c0d42c6a91c,Information Retrieval: Data Structures and Algorithms,https://www.semanticscholar.org/paper/3f133e39f3fb543f25a1a75400b81c0d42c6a91c,,No links found
a79e0186-7cdf-4e35-90a2-9eb72a72512f,c10a9f5cec94840be30d7afa7028f311698bdac9,Proceedings of the 20th annual international ACM SIGIR conference on Research and development in information retrieval,https://www.semanticscholar.org/paper/c10a9f5cec94840be30d7afa7028f311698bdac9,,No links found
cf0dba23-6a0d-4aa0-a573-fb6da53c87fe,ca4646a1de8d6f730c38273d637adc2c25072064,Information Retrieval: Data Structures & Algorithms,https://www.semanticscholar.org/paper/ca4646a1de8d6f730c38273d637adc2c25072064,,No links found
